id,provider_id,pipeline_name,pipeline_version,run_type,status,started_at,completed_at,current_stage,stage_progress,records_extracted,records_transformed,records_loaded,records_failed,duration_seconds,memory_usage_mb,error_message,error_details,failed_records,pipeline_config,date_range_start,date_range_end,dlt_load_id,dlt_pipeline_state,created_at,created_by
e09e4a67-7e0d-465d-8df6-d5ade6e86907,3b8fb499-77a0-4-8-,billing_pipeline,1.0.0,manual,completed,2025-07-19 13:26:03.077300,2025-07-19 13:26:07.959083,completed,"{""extract"": {""completed"": true, ""success"": true, ""duration"": 4.724327, ""records_processed"": 48, ""records_failed"": 0}, ""transform"": {""completed"": true, ""success"": true, ""duration"": 0.000301, ""records_processed"": 48, ""records_failed"": 0}, ""load"": {""completed"": true, ""success"": true, ""duration"": 9e-05, ""records_processed"": 0, ""records_failed"": 0}}",48,48,0,0,4,,,,,"{""name"": ""billing_pipeline"", ""version"": ""1.0.0"", ""dlt"": {""pipeline_name"": ""billing_etl"", ""dataset_name"": ""main"", ""destination"": ""sqlite""}, ""stages"": {""extract"": {""batch_size"": 1000, ""max_retries"": 3, ""retry_delay"": 1.0, ""timeout"": 30.0, ""save_raw_responses"": true}, ""transform"": {""batch_size"": 100, ""validate_focus"": true, ""strict_validation"": false, ""save_validation_errors"": true}, ""load"": {""batch_size"": 500, ""write_disposition"": ""merge"", ""primary_key"": [""id""], ""merge_key"": [""x_provider_id"", ""charge_period_start"", ""charge_period_end"", ""sku_id""], ""column_hints"": {""tags"": {""data_type"": ""json""}, ""x_provider_data"": {""data_type"": ""json""}}}}, ""performance"": {""parallel_stages"": false, ""max_workers"": 4, ""memory_limit_mb"": 1024}, ""error_handling"": {""fail_fast"": false, ""max_errors_percentage"": 5.0, ""save_failed_records"": true}}",2025-07-12 00:00:00.000000,2025-07-20 00:00:00.000000,,,2025-07-19 13:26:03,
48e89cd0-b753-4ac5-9f9f-0bdab71e2bb6,f00cf139-eb10-4-8-,billing_pipeline,1.0.0,manual,completed,2025-07-19 13:26:07.962765,2025-07-19 13:26:09.215368,completed,"{""extract"": {""completed"": true, ""success"": true, ""duration"": 0.923793, ""records_processed"": 0, ""records_failed"": 0}, ""transform"": {""completed"": true, ""success"": true, ""duration"": 7.9e-05, ""records_processed"": 0, ""records_failed"": 0}, ""load"": {""completed"": true, ""success"": true, ""duration"": 0.000117, ""records_processed"": 0, ""records_failed"": 0}}",0,0,0,0,1,,,,,"{""name"": ""billing_pipeline"", ""version"": ""1.0.0"", ""dlt"": {""pipeline_name"": ""billing_etl"", ""dataset_name"": ""main"", ""destination"": ""sqlite""}, ""stages"": {""extract"": {""batch_size"": 1000, ""max_retries"": 3, ""retry_delay"": 1.0, ""timeout"": 30.0, ""save_raw_responses"": true}, ""transform"": {""batch_size"": 100, ""validate_focus"": true, ""strict_validation"": false, ""save_validation_errors"": true}, ""load"": {""batch_size"": 500, ""write_disposition"": ""merge"", ""primary_key"": [""id""], ""merge_key"": [""x_provider_id"", ""charge_period_start"", ""charge_period_end"", ""sku_id""], ""column_hints"": {""tags"": {""data_type"": ""json""}, ""x_provider_data"": {""data_type"": ""json""}}}}, ""performance"": {""parallel_stages"": false, ""max_workers"": 4, ""memory_limit_mb"": 1024}, ""error_handling"": {""fail_fast"": false, ""max_errors_percentage"": 5.0, ""save_failed_records"": true}}",2025-07-12 00:00:00.000000,2025-07-20 00:00:00.000000,,,2025-07-19 13:26:07,
d26cb3a7-5b11-4c50-b21e-5f5d9b2e4bfd,86d65695-8724-4-8-,billing_pipeline,1.0.0,manual,failed,2025-07-19 13:26:09.219316,2025-07-19 13:26:11.442195,completed,"{""extract"": {""completed"": true, ""success"": true, ""duration"": 1.808206, ""records_processed"": 33, ""records_failed"": 0}, ""transform"": {""completed"": true, ""success"": true, ""duration"": 0.002253, ""records_processed"": 33, ""records_failed"": 0}, ""load"": {""completed"": true, ""success"": false, ""duration"": 0.103129, ""records_processed"": 0, ""records_failed"": 33}}",33,33,0,33,2,,,,,"{""name"": ""billing_pipeline"", ""version"": ""1.0.0"", ""dlt"": {""pipeline_name"": ""billing_etl"", ""dataset_name"": ""main"", ""destination"": ""sqlite""}, ""stages"": {""extract"": {""batch_size"": 1000, ""max_retries"": 3, ""retry_delay"": 1.0, ""timeout"": 30.0, ""save_raw_responses"": true}, ""transform"": {""batch_size"": 100, ""validate_focus"": true, ""strict_validation"": false, ""save_validation_errors"": true}, ""load"": {""batch_size"": 500, ""write_disposition"": ""merge"", ""primary_key"": [""id""], ""merge_key"": [""x_provider_id"", ""charge_period_start"", ""charge_period_end"", ""sku_id""], ""column_hints"": {""tags"": {""data_type"": ""json""}, ""x_provider_data"": {""data_type"": ""json""}}}}, ""performance"": {""parallel_stages"": false, ""max_workers"": 4, ""memory_limit_mb"": 1024}, ""error_handling"": {""fail_fast"": false, ""max_errors_percentage"": 5.0, ""save_failed_records"": true}}",2025-07-12 00:00:00.000000,2025-07-20 00:00:00.000000,,,2025-07-19 13:26:09,
7d3708af-4336-4905-8ae3-77b9cef30b86,db572d7a-8f2e-4-8-,billing_pipeline,1.0.0,manual,failed,2025-07-19 13:26:11.447175,,initializing,,0,0,0,0,,,"Unable to load PEM file. See https://cryptography.io/en/latest/faq/#why-can-t-i-import-my-pem-file for more details. InvalidData(InvalidByte(0, 92))",,,"{""name"": ""billing_pipeline"", ""version"": ""1.0.0"", ""dlt"": {""pipeline_name"": ""billing_etl"", ""dataset_name"": ""main"", ""destination"": ""sqlite""}, ""stages"": {""extract"": {""batch_size"": 1000, ""max_retries"": 3, ""retry_delay"": 1.0, ""timeout"": 30.0, ""save_raw_responses"": true}, ""transform"": {""batch_size"": 100, ""validate_focus"": true, ""strict_validation"": false, ""save_validation_errors"": true}, ""load"": {""batch_size"": 500, ""write_disposition"": ""merge"", ""primary_key"": [""id""], ""merge_key"": [""x_provider_id"", ""charge_period_start"", ""charge_period_end"", ""sku_id""], ""column_hints"": {""tags"": {""data_type"": ""json""}, ""x_provider_data"": {""data_type"": ""json""}}}}, ""performance"": {""parallel_stages"": false, ""max_workers"": 4, ""memory_limit_mb"": 1024}, ""error_handling"": {""fail_fast"": false, ""max_errors_percentage"": 5.0, ""save_failed_records"": true}}",2025-07-12 00:00:00.000000,2025-07-20 00:00:00.000000,,,2025-07-19 13:26:11,
91b6e66e-1ad5-4959-b218-94715a4b6dbe,3b8fb499-77a0-4-8-,billing_pipeline,1.0.0,manual,failed,2025-07-19 15:09:40.137179,,initializing,,0,0,0,0,,,Failed to create provider instance for type: openai,,,"{""name"": ""billing_pipeline"", ""version"": ""1.0.0"", ""dlt"": {""pipeline_name"": ""billing_etl"", ""dataset_name"": ""main"", ""destination"": ""sqlite""}, ""stages"": {""extract"": {""batch_size"": 1000, ""max_retries"": 3, ""retry_delay"": 1.0, ""timeout"": 30.0, ""save_raw_responses"": true}, ""transform"": {""batch_size"": 100, ""validate_focus"": true, ""strict_validation"": false, ""save_validation_errors"": true}, ""load"": {""batch_size"": 500, ""write_disposition"": ""merge"", ""primary_key"": [""id""], ""merge_key"": [""x_provider_id"", ""charge_period_start"", ""charge_period_end"", ""sku_id""], ""column_hints"": {""tags"": {""data_type"": ""json""}, ""x_provider_data"": {""data_type"": ""json""}}}}, ""performance"": {""parallel_stages"": false, ""max_workers"": 4, ""memory_limit_mb"": 1024}, ""error_handling"": {""fail_fast"": false, ""max_errors_percentage"": 5.0, ""save_failed_records"": true}}",2025-07-12 00:00:00.000000,2025-07-20 00:00:00.000000,,,2025-07-19 15:09:40,
29fd900b-7eb9-4592-8f3c-9b4e416b6f99,f00cf139-eb10-4-8-,billing_pipeline,1.0.0,manual,failed,2025-07-19 15:09:40.160042,,initializing,,0,0,0,0,,,Failed to create provider instance for type: aws,,,"{""name"": ""billing_pipeline"", ""version"": ""1.0.0"", ""dlt"": {""pipeline_name"": ""billing_etl"", ""dataset_name"": ""main"", ""destination"": ""sqlite""}, ""stages"": {""extract"": {""batch_size"": 1000, ""max_retries"": 3, ""retry_delay"": 1.0, ""timeout"": 30.0, ""save_raw_responses"": true}, ""transform"": {""batch_size"": 100, ""validate_focus"": true, ""strict_validation"": false, ""save_validation_errors"": true}, ""load"": {""batch_size"": 500, ""write_disposition"": ""merge"", ""primary_key"": [""id""], ""merge_key"": [""x_provider_id"", ""charge_period_start"", ""charge_period_end"", ""sku_id""], ""column_hints"": {""tags"": {""data_type"": ""json""}, ""x_provider_data"": {""data_type"": ""json""}}}}, ""performance"": {""parallel_stages"": false, ""max_workers"": 4, ""memory_limit_mb"": 1024}, ""error_handling"": {""fail_fast"": false, ""max_errors_percentage"": 5.0, ""save_failed_records"": true}}",2025-07-12 00:00:00.000000,2025-07-20 00:00:00.000000,,,2025-07-19 15:09:40,
1d1574bb-2e84-4335-abdf-dd7d1b002526,86d65695-8724-4-8-,billing_pipeline,1.0.0,manual,failed,2025-07-19 15:09:40.290068,,initializing,,0,0,0,0,,,Failed to create provider instance for type: azure,,,"{""name"": ""billing_pipeline"", ""version"": ""1.0.0"", ""dlt"": {""pipeline_name"": ""billing_etl"", ""dataset_name"": ""main"", ""destination"": ""sqlite""}, ""stages"": {""extract"": {""batch_size"": 1000, ""max_retries"": 3, ""retry_delay"": 1.0, ""timeout"": 30.0, ""save_raw_responses"": true}, ""transform"": {""batch_size"": 100, ""validate_focus"": true, ""strict_validation"": false, ""save_validation_errors"": true}, ""load"": {""batch_size"": 500, ""write_disposition"": ""merge"", ""primary_key"": [""id""], ""merge_key"": [""x_provider_id"", ""charge_period_start"", ""charge_period_end"", ""sku_id""], ""column_hints"": {""tags"": {""data_type"": ""json""}, ""x_provider_data"": {""data_type"": ""json""}}}}, ""performance"": {""parallel_stages"": false, ""max_workers"": 4, ""memory_limit_mb"": 1024}, ""error_handling"": {""fail_fast"": false, ""max_errors_percentage"": 5.0, ""save_failed_records"": true}}",2025-07-12 00:00:00.000000,2025-07-20 00:00:00.000000,,,2025-07-19 15:09:40,
f6d37cb7-4bc9-46d9-a6ed-3f1e563341ca,db572d7a-8f2e-4-8-,billing_pipeline,1.0.0,manual,failed,2025-07-19 15:09:40.592889,,initializing,,0,0,0,0,,,Failed to create provider instance for type: gcp,,,"{""name"": ""billing_pipeline"", ""version"": ""1.0.0"", ""dlt"": {""pipeline_name"": ""billing_etl"", ""dataset_name"": ""main"", ""destination"": ""sqlite""}, ""stages"": {""extract"": {""batch_size"": 1000, ""max_retries"": 3, ""retry_delay"": 1.0, ""timeout"": 30.0, ""save_raw_responses"": true}, ""transform"": {""batch_size"": 100, ""validate_focus"": true, ""strict_validation"": false, ""save_validation_errors"": true}, ""load"": {""batch_size"": 500, ""write_disposition"": ""merge"", ""primary_key"": [""id""], ""merge_key"": [""x_provider_id"", ""charge_period_start"", ""charge_period_end"", ""sku_id""], ""column_hints"": {""tags"": {""data_type"": ""json""}, ""x_provider_data"": {""data_type"": ""json""}}}}, ""performance"": {""parallel_stages"": false, ""max_workers"": 4, ""memory_limit_mb"": 1024}, ""error_handling"": {""fail_fast"": false, ""max_errors_percentage"": 5.0, ""save_failed_records"": true}}",2025-07-12 00:00:00.000000,2025-07-20 00:00:00.000000,,,2025-07-19 15:09:40,
a67b067a-038d-4128-bde3-860e6d88b43c,3b8fb499-77a0-4-8-,billing_pipeline,1.0.0,manual,failed,2025-07-19 15:13:34.911796,,initializing,,0,0,0,0,,,Failed to create provider instance for type: openai,,,"{""name"": ""billing_pipeline"", ""version"": ""1.0.0"", ""dlt"": {""pipeline_name"": ""billing_etl"", ""dataset_name"": ""main"", ""destination"": ""sqlite""}, ""stages"": {""extract"": {""batch_size"": 1000, ""max_retries"": 3, ""retry_delay"": 1.0, ""timeout"": 30.0, ""save_raw_responses"": true}, ""transform"": {""batch_size"": 100, ""validate_focus"": true, ""strict_validation"": false, ""save_validation_errors"": true}, ""load"": {""batch_size"": 500, ""write_disposition"": ""merge"", ""primary_key"": [""id""], ""merge_key"": [""x_provider_id"", ""charge_period_start"", ""charge_period_end"", ""sku_id""], ""column_hints"": {""tags"": {""data_type"": ""json""}, ""x_provider_data"": {""data_type"": ""json""}}}}, ""performance"": {""parallel_stages"": false, ""max_workers"": 4, ""memory_limit_mb"": 1024}, ""error_handling"": {""fail_fast"": false, ""max_errors_percentage"": 5.0, ""save_failed_records"": true}}",2025-07-12 00:00:00.000000,2025-07-20 00:00:00.000000,,,2025-07-19 15:13:34,
e6af7445-7cca-4c8e-83bb-e68b073bd17a,f00cf139-eb10-4-8-,billing_pipeline,1.0.0,manual,failed,2025-07-19 15:13:34.932979,,initializing,,0,0,0,0,,,Failed to create provider instance for type: aws,,,"{""name"": ""billing_pipeline"", ""version"": ""1.0.0"", ""dlt"": {""pipeline_name"": ""billing_etl"", ""dataset_name"": ""main"", ""destination"": ""sqlite""}, ""stages"": {""extract"": {""batch_size"": 1000, ""max_retries"": 3, ""retry_delay"": 1.0, ""timeout"": 30.0, ""save_raw_responses"": true}, ""transform"": {""batch_size"": 100, ""validate_focus"": true, ""strict_validation"": false, ""save_validation_errors"": true}, ""load"": {""batch_size"": 500, ""write_disposition"": ""merge"", ""primary_key"": [""id""], ""merge_key"": [""x_provider_id"", ""charge_period_start"", ""charge_period_end"", ""sku_id""], ""column_hints"": {""tags"": {""data_type"": ""json""}, ""x_provider_data"": {""data_type"": ""json""}}}}, ""performance"": {""parallel_stages"": false, ""max_workers"": 4, ""memory_limit_mb"": 1024}, ""error_handling"": {""fail_fast"": false, ""max_errors_percentage"": 5.0, ""save_failed_records"": true}}",2025-07-12 00:00:00.000000,2025-07-20 00:00:00.000000,,,2025-07-19 15:13:34,
f9f16977-dfd9-4b77-a117-8adf098d9e81,86d65695-8724-4-8-,billing_pipeline,1.0.0,manual,failed,2025-07-19 15:13:35.070696,,initializing,,0,0,0,0,,,Failed to create provider instance for type: azure,,,"{""name"": ""billing_pipeline"", ""version"": ""1.0.0"", ""dlt"": {""pipeline_name"": ""billing_etl"", ""dataset_name"": ""main"", ""destination"": ""sqlite""}, ""stages"": {""extract"": {""batch_size"": 1000, ""max_retries"": 3, ""retry_delay"": 1.0, ""timeout"": 30.0, ""save_raw_responses"": true}, ""transform"": {""batch_size"": 100, ""validate_focus"": true, ""strict_validation"": false, ""save_validation_errors"": true}, ""load"": {""batch_size"": 500, ""write_disposition"": ""merge"", ""primary_key"": [""id""], ""merge_key"": [""x_provider_id"", ""charge_period_start"", ""charge_period_end"", ""sku_id""], ""column_hints"": {""tags"": {""data_type"": ""json""}, ""x_provider_data"": {""data_type"": ""json""}}}}, ""performance"": {""parallel_stages"": false, ""max_workers"": 4, ""memory_limit_mb"": 1024}, ""error_handling"": {""fail_fast"": false, ""max_errors_percentage"": 5.0, ""save_failed_records"": true}}",2025-07-12 00:00:00.000000,2025-07-20 00:00:00.000000,,,2025-07-19 15:13:35,
97878fe1-1466-463c-92fd-26a82102d483,db572d7a-8f2e-4-8-,billing_pipeline,1.0.0,manual,failed,2025-07-19 15:13:35.430847,,initializing,,0,0,0,0,,,Failed to create provider instance for type: gcp,,,"{""name"": ""billing_pipeline"", ""version"": ""1.0.0"", ""dlt"": {""pipeline_name"": ""billing_etl"", ""dataset_name"": ""main"", ""destination"": ""sqlite""}, ""stages"": {""extract"": {""batch_size"": 1000, ""max_retries"": 3, ""retry_delay"": 1.0, ""timeout"": 30.0, ""save_raw_responses"": true}, ""transform"": {""batch_size"": 100, ""validate_focus"": true, ""strict_validation"": false, ""save_validation_errors"": true}, ""load"": {""batch_size"": 500, ""write_disposition"": ""merge"", ""primary_key"": [""id""], ""merge_key"": [""x_provider_id"", ""charge_period_start"", ""charge_period_end"", ""sku_id""], ""column_hints"": {""tags"": {""data_type"": ""json""}, ""x_provider_data"": {""data_type"": ""json""}}}}, ""performance"": {""parallel_stages"": false, ""max_workers"": 4, ""memory_limit_mb"": 1024}, ""error_handling"": {""fail_fast"": false, ""max_errors_percentage"": 5.0, ""save_failed_records"": true}}",2025-07-12 00:00:00.000000,2025-07-20 00:00:00.000000,,,2025-07-19 15:13:35,
63fcbeaa-4d8c-4af5-8ef6-632603a32e2a,db572d7a-8f2e-4-8-,billing_pipeline,1.0.0,manual,failed,2025-07-19 15:14:01.624359,,initializing,,0,0,0,0,,,Failed to create provider instance for type: gcp,,,"{""name"": ""billing_pipeline"", ""version"": ""1.0.0"", ""dlt"": {""pipeline_name"": ""billing_etl"", ""dataset_name"": ""main"", ""destination"": ""sqlite""}, ""stages"": {""extract"": {""batch_size"": 1000, ""max_retries"": 3, ""retry_delay"": 1.0, ""timeout"": 30.0, ""save_raw_responses"": true}, ""transform"": {""batch_size"": 100, ""validate_focus"": true, ""strict_validation"": false, ""save_validation_errors"": true}, ""load"": {""batch_size"": 500, ""write_disposition"": ""merge"", ""primary_key"": [""id""], ""merge_key"": [""x_provider_id"", ""charge_period_start"", ""charge_period_end"", ""sku_id""], ""column_hints"": {""tags"": {""data_type"": ""json""}, ""x_provider_data"": {""data_type"": ""json""}}}}, ""performance"": {""parallel_stages"": false, ""max_workers"": 4, ""memory_limit_mb"": 1024}, ""error_handling"": {""fail_fast"": false, ""max_errors_percentage"": 5.0, ""save_failed_records"": true}}",2025-07-12 00:00:00.000000,2025-07-20 00:00:00.000000,,,2025-07-19 15:14:01,
c8599dac-2049-4f4b-89bb-e0e50a47c21c,3b8fb499-77a0-4-8-,billing_pipeline,1.0.0,manual,failed,2025-07-19 15:15:29.110197,,initializing,,0,0,0,0,,,Failed to create provider instance for type: openai,,,"{""name"": ""billing_pipeline"", ""version"": ""1.0.0"", ""dlt"": {""pipeline_name"": ""billing_etl"", ""dataset_name"": ""main"", ""destination"": ""sqlite""}, ""stages"": {""extract"": {""batch_size"": 1000, ""max_retries"": 3, ""retry_delay"": 1.0, ""timeout"": 30.0, ""save_raw_responses"": true}, ""transform"": {""batch_size"": 100, ""validate_focus"": true, ""strict_validation"": false, ""save_validation_errors"": true}, ""load"": {""batch_size"": 500, ""write_disposition"": ""merge"", ""primary_key"": [""id""], ""merge_key"": [""x_provider_id"", ""charge_period_start"", ""charge_period_end"", ""sku_id""], ""column_hints"": {""tags"": {""data_type"": ""json""}, ""x_provider_data"": {""data_type"": ""json""}}}}, ""performance"": {""parallel_stages"": false, ""max_workers"": 4, ""memory_limit_mb"": 1024}, ""error_handling"": {""fail_fast"": false, ""max_errors_percentage"": 5.0, ""save_failed_records"": true}}",2025-07-12 00:00:00.000000,2025-07-20 00:00:00.000000,,,2025-07-19 15:15:29,
864bb163-24fd-4a87-aa50-32c636763150,f00cf139-eb10-4-8-,billing_pipeline,1.0.0,manual,failed,2025-07-19 15:15:29.122835,,initializing,,0,0,0,0,,,Failed to create provider instance for type: aws,,,"{""name"": ""billing_pipeline"", ""version"": ""1.0.0"", ""dlt"": {""pipeline_name"": ""billing_etl"", ""dataset_name"": ""main"", ""destination"": ""sqlite""}, ""stages"": {""extract"": {""batch_size"": 1000, ""max_retries"": 3, ""retry_delay"": 1.0, ""timeout"": 30.0, ""save_raw_responses"": true}, ""transform"": {""batch_size"": 100, ""validate_focus"": true, ""strict_validation"": false, ""save_validation_errors"": true}, ""load"": {""batch_size"": 500, ""write_disposition"": ""merge"", ""primary_key"": [""id""], ""merge_key"": [""x_provider_id"", ""charge_period_start"", ""charge_period_end"", ""sku_id""], ""column_hints"": {""tags"": {""data_type"": ""json""}, ""x_provider_data"": {""data_type"": ""json""}}}}, ""performance"": {""parallel_stages"": false, ""max_workers"": 4, ""memory_limit_mb"": 1024}, ""error_handling"": {""fail_fast"": false, ""max_errors_percentage"": 5.0, ""save_failed_records"": true}}",2025-07-12 00:00:00.000000,2025-07-20 00:00:00.000000,,,2025-07-19 15:15:29,
c28ed4c2-f92f-49b6-81f8-c7858b6cfea3,86d65695-8724-4-8-,billing_pipeline,1.0.0,manual,failed,2025-07-19 15:15:29.269941,,initializing,,0,0,0,0,,,Failed to create provider instance for type: azure,,,"{""name"": ""billing_pipeline"", ""version"": ""1.0.0"", ""dlt"": {""pipeline_name"": ""billing_etl"", ""dataset_name"": ""main"", ""destination"": ""sqlite""}, ""stages"": {""extract"": {""batch_size"": 1000, ""max_retries"": 3, ""retry_delay"": 1.0, ""timeout"": 30.0, ""save_raw_responses"": true}, ""transform"": {""batch_size"": 100, ""validate_focus"": true, ""strict_validation"": false, ""save_validation_errors"": true}, ""load"": {""batch_size"": 500, ""write_disposition"": ""merge"", ""primary_key"": [""id""], ""merge_key"": [""x_provider_id"", ""charge_period_start"", ""charge_period_end"", ""sku_id""], ""column_hints"": {""tags"": {""data_type"": ""json""}, ""x_provider_data"": {""data_type"": ""json""}}}}, ""performance"": {""parallel_stages"": false, ""max_workers"": 4, ""memory_limit_mb"": 1024}, ""error_handling"": {""fail_fast"": false, ""max_errors_percentage"": 5.0, ""save_failed_records"": true}}",2025-07-12 00:00:00.000000,2025-07-20 00:00:00.000000,,,2025-07-19 15:15:29,
8101c791-b916-4275-94cd-6ba18b4df608,db572d7a-8f2e-4-8-,billing_pipeline,1.0.0,manual,failed,2025-07-19 15:15:29.544060,,initializing,,0,0,0,0,,,Failed to create provider instance for type: gcp,,,"{""name"": ""billing_pipeline"", ""version"": ""1.0.0"", ""dlt"": {""pipeline_name"": ""billing_etl"", ""dataset_name"": ""main"", ""destination"": ""sqlite""}, ""stages"": {""extract"": {""batch_size"": 1000, ""max_retries"": 3, ""retry_delay"": 1.0, ""timeout"": 30.0, ""save_raw_responses"": true}, ""transform"": {""batch_size"": 100, ""validate_focus"": true, ""strict_validation"": false, ""save_validation_errors"": true}, ""load"": {""batch_size"": 500, ""write_disposition"": ""merge"", ""primary_key"": [""id""], ""merge_key"": [""x_provider_id"", ""charge_period_start"", ""charge_period_end"", ""sku_id""], ""column_hints"": {""tags"": {""data_type"": ""json""}, ""x_provider_data"": {""data_type"": ""json""}}}}, ""performance"": {""parallel_stages"": false, ""max_workers"": 4, ""memory_limit_mb"": 1024}, ""error_handling"": {""fail_fast"": false, ""max_errors_percentage"": 5.0, ""save_failed_records"": true}}",2025-07-12 00:00:00.000000,2025-07-20 00:00:00.000000,,,2025-07-19 15:15:29,
d24a694c-a6cc-426b-8773-395d42dd9a8c,3b8fb499-77a0-4-8-,billing_pipeline,1.0.0,manual,completed,2025-07-19 15:16:28.651492,2025-07-19 15:16:33.091242,completed,"{""extract"": {""completed"": true, ""success"": true, ""duration"": 4.280258, ""records_processed"": 48, ""records_failed"": 0}, ""transform"": {""completed"": true, ""success"": true, ""duration"": 0.00054, ""records_processed"": 48, ""records_failed"": 0}, ""load"": {""completed"": true, ""success"": true, ""duration"": 0.000307, ""records_processed"": 0, ""records_failed"": 0}}",48,48,0,0,4,,,,,"{""name"": ""billing_pipeline"", ""version"": ""1.0.0"", ""dlt"": {""pipeline_name"": ""billing_etl"", ""dataset_name"": ""main"", ""destination"": ""sqlite""}, ""stages"": {""extract"": {""batch_size"": 1000, ""max_retries"": 3, ""retry_delay"": 1.0, ""timeout"": 30.0, ""save_raw_responses"": true}, ""transform"": {""batch_size"": 100, ""validate_focus"": true, ""strict_validation"": false, ""save_validation_errors"": true}, ""load"": {""batch_size"": 500, ""write_disposition"": ""merge"", ""primary_key"": [""id""], ""merge_key"": [""x_provider_id"", ""charge_period_start"", ""charge_period_end"", ""sku_id""], ""column_hints"": {""tags"": {""data_type"": ""json""}, ""x_provider_data"": {""data_type"": ""json""}}}}, ""performance"": {""parallel_stages"": false, ""max_workers"": 4, ""memory_limit_mb"": 1024}, ""error_handling"": {""fail_fast"": false, ""max_errors_percentage"": 5.0, ""save_failed_records"": true}}",2025-07-12 00:00:00.000000,2025-07-20 00:00:00.000000,,,2025-07-19 15:16:28,
8b9971e6-1a6a-49a6-8920-40dc29625355,f00cf139-eb10-4-8-,billing_pipeline,1.0.0,manual,completed,2025-07-19 15:16:33.094671,2025-07-19 15:16:34.111540,completed,"{""extract"": {""completed"": true, ""success"": true, ""duration"": 0.810019, ""records_processed"": 0, ""records_failed"": 0}, ""transform"": {""completed"": true, ""success"": true, ""duration"": 5.6e-05, ""records_processed"": 0, ""records_failed"": 0}, ""load"": {""completed"": true, ""success"": true, ""duration"": 0.000476, ""records_processed"": 0, ""records_failed"": 0}}",0,0,0,0,1,,,,,"{""name"": ""billing_pipeline"", ""version"": ""1.0.0"", ""dlt"": {""pipeline_name"": ""billing_etl"", ""dataset_name"": ""main"", ""destination"": ""sqlite""}, ""stages"": {""extract"": {""batch_size"": 1000, ""max_retries"": 3, ""retry_delay"": 1.0, ""timeout"": 30.0, ""save_raw_responses"": true}, ""transform"": {""batch_size"": 100, ""validate_focus"": true, ""strict_validation"": false, ""save_validation_errors"": true}, ""load"": {""batch_size"": 500, ""write_disposition"": ""merge"", ""primary_key"": [""id""], ""merge_key"": [""x_provider_id"", ""charge_period_start"", ""charge_period_end"", ""sku_id""], ""column_hints"": {""tags"": {""data_type"": ""json""}, ""x_provider_data"": {""data_type"": ""json""}}}}, ""performance"": {""parallel_stages"": false, ""max_workers"": 4, ""memory_limit_mb"": 1024}, ""error_handling"": {""fail_fast"": false, ""max_errors_percentage"": 5.0, ""save_failed_records"": true}}",2025-07-12 00:00:00.000000,2025-07-20 00:00:00.000000,,,2025-07-19 15:16:33,
b3dd2b0b-e279-4d55-8a7a-3b05fbe7e56b,86d65695-8724-4-8-,billing_pipeline,1.0.0,manual,completed,2025-07-19 15:16:34.113727,2025-07-19 15:16:36.323707,completed,"{""extract"": {""completed"": true, ""success"": true, ""duration"": 1.831936, ""records_processed"": 33, ""records_failed"": 0}, ""transform"": {""completed"": true, ""success"": true, ""duration"": 0.003004, ""records_processed"": 33, ""records_failed"": 0}, ""load"": {""completed"": true, ""success"": true, ""duration"": 0.120117, ""records_processed"": 33, ""records_failed"": 0}}",33,33,33,0,2,,,,,"{""name"": ""billing_pipeline"", ""version"": ""1.0.0"", ""dlt"": {""pipeline_name"": ""billing_etl"", ""dataset_name"": ""main"", ""destination"": ""sqlite""}, ""stages"": {""extract"": {""batch_size"": 1000, ""max_retries"": 3, ""retry_delay"": 1.0, ""timeout"": 30.0, ""save_raw_responses"": true}, ""transform"": {""batch_size"": 100, ""validate_focus"": true, ""strict_validation"": false, ""save_validation_errors"": true}, ""load"": {""batch_size"": 500, ""write_disposition"": ""merge"", ""primary_key"": [""id""], ""merge_key"": [""x_provider_id"", ""charge_period_start"", ""charge_period_end"", ""sku_id""], ""column_hints"": {""tags"": {""data_type"": ""json""}, ""x_provider_data"": {""data_type"": ""json""}}}}, ""performance"": {""parallel_stages"": false, ""max_workers"": 4, ""memory_limit_mb"": 1024}, ""error_handling"": {""fail_fast"": false, ""max_errors_percentage"": 5.0, ""save_failed_records"": true}}",2025-07-12 00:00:00.000000,2025-07-20 00:00:00.000000,,,2025-07-19 15:16:34,
8fa41719-919c-47e4-989a-2697756030d0,db572d7a-8f2e-4-8-,billing_pipeline,1.0.0,manual,failed,2025-07-19 15:16:36.326207,,initializing,,0,0,0,0,,,"Unable to load PEM file. See https://cryptography.io/en/latest/faq/#why-can-t-i-import-my-pem-file for more details. InvalidData(InvalidByte(0, 92))",,,"{""name"": ""billing_pipeline"", ""version"": ""1.0.0"", ""dlt"": {""pipeline_name"": ""billing_etl"", ""dataset_name"": ""main"", ""destination"": ""sqlite""}, ""stages"": {""extract"": {""batch_size"": 1000, ""max_retries"": 3, ""retry_delay"": 1.0, ""timeout"": 30.0, ""save_raw_responses"": true}, ""transform"": {""batch_size"": 100, ""validate_focus"": true, ""strict_validation"": false, ""save_validation_errors"": true}, ""load"": {""batch_size"": 500, ""write_disposition"": ""merge"", ""primary_key"": [""id""], ""merge_key"": [""x_provider_id"", ""charge_period_start"", ""charge_period_end"", ""sku_id""], ""column_hints"": {""tags"": {""data_type"": ""json""}, ""x_provider_data"": {""data_type"": ""json""}}}}, ""performance"": {""parallel_stages"": false, ""max_workers"": 4, ""memory_limit_mb"": 1024}, ""error_handling"": {""fail_fast"": false, ""max_errors_percentage"": 5.0, ""save_failed_records"": true}}",2025-07-12 00:00:00.000000,2025-07-20 00:00:00.000000,,,2025-07-19 15:16:36,
505a1e0d-b3dd-41db-bfd0-9ee9781c608e,3b8fb499-77a0-4-8-,billing_pipeline,1.0.0,manual,completed,2025-07-19 15:30:07.444964,2025-07-19 15:30:10.633434,completed,"{""extract"": {""completed"": true, ""success"": true, ""duration"": 3.178648, ""records_processed"": 48, ""records_failed"": 0}, ""transform"": {""completed"": true, ""success"": true, ""duration"": 0.000529, ""records_processed"": 48, ""records_failed"": 0}, ""load"": {""completed"": true, ""success"": true, ""duration"": 0.000201, ""records_processed"": 0, ""records_failed"": 0}}",48,48,0,0,3,,,,,"{""name"": ""billing_pipeline"", ""version"": ""1.0.0"", ""dlt"": {""pipeline_name"": ""billing_etl"", ""dataset_name"": ""main"", ""destination"": ""sqlite""}, ""stages"": {""extract"": {""batch_size"": 1000, ""max_retries"": 3, ""retry_delay"": 1.0, ""timeout"": 30.0, ""save_raw_responses"": true}, ""transform"": {""batch_size"": 100, ""validate_focus"": true, ""strict_validation"": false, ""save_validation_errors"": true}, ""load"": {""batch_size"": 500, ""write_disposition"": ""merge"", ""primary_key"": [""id""], ""merge_key"": [""x_provider_id"", ""charge_period_start"", ""charge_period_end"", ""sku_id""], ""column_hints"": {""tags"": {""data_type"": ""json""}, ""x_provider_data"": {""data_type"": ""json""}}}}, ""performance"": {""parallel_stages"": false, ""max_workers"": 4, ""memory_limit_mb"": 1024}, ""error_handling"": {""fail_fast"": false, ""max_errors_percentage"": 5.0, ""save_failed_records"": true}}",2025-07-12 00:00:00.000000,2025-07-20 00:00:00.000000,,,2025-07-19 15:30:07,
e7347a3f-e731-4d1b-8f4e-20f8288daf5c,f00cf139-eb10-4-8-,billing_pipeline,1.0.0,manual,completed,2025-07-19 15:30:10.637289,2025-07-19 15:30:11.541950,completed,"{""extract"": {""completed"": true, ""success"": true, ""duration"": 0.812343, ""records_processed"": 0, ""records_failed"": 0}, ""transform"": {""completed"": true, ""success"": true, ""duration"": 0.000138, ""records_processed"": 0, ""records_failed"": 0}, ""load"": {""completed"": true, ""success"": true, ""duration"": 0.00033, ""records_processed"": 0, ""records_failed"": 0}}",0,0,0,0,0,,,,,"{""name"": ""billing_pipeline"", ""version"": ""1.0.0"", ""dlt"": {""pipeline_name"": ""billing_etl"", ""dataset_name"": ""main"", ""destination"": ""sqlite""}, ""stages"": {""extract"": {""batch_size"": 1000, ""max_retries"": 3, ""retry_delay"": 1.0, ""timeout"": 30.0, ""save_raw_responses"": true}, ""transform"": {""batch_size"": 100, ""validate_focus"": true, ""strict_validation"": false, ""save_validation_errors"": true}, ""load"": {""batch_size"": 500, ""write_disposition"": ""merge"", ""primary_key"": [""id""], ""merge_key"": [""x_provider_id"", ""charge_period_start"", ""charge_period_end"", ""sku_id""], ""column_hints"": {""tags"": {""data_type"": ""json""}, ""x_provider_data"": {""data_type"": ""json""}}}}, ""performance"": {""parallel_stages"": false, ""max_workers"": 4, ""memory_limit_mb"": 1024}, ""error_handling"": {""fail_fast"": false, ""max_errors_percentage"": 5.0, ""save_failed_records"": true}}",2025-07-12 00:00:00.000000,2025-07-20 00:00:00.000000,,,2025-07-19 15:30:10,
3151f504-1ba2-4933-8489-d26d7c0d432b,86d65695-8724-4-8-,billing_pipeline,1.0.0,manual,completed,2025-07-19 15:30:11.544108,2025-07-19 15:30:13.511491,completed,"{""extract"": {""completed"": true, ""success"": true, ""duration"": 1.85947, ""records_processed"": 33, ""records_failed"": 0}, ""transform"": {""completed"": true, ""success"": true, ""duration"": 0.003065, ""records_processed"": 33, ""records_failed"": 0}, ""load"": {""completed"": true, ""success"": true, ""duration"": 0.103199, ""records_processed"": 33, ""records_failed"": 0}}",33,33,33,0,1,,,,,"{""name"": ""billing_pipeline"", ""version"": ""1.0.0"", ""dlt"": {""pipeline_name"": ""billing_etl"", ""dataset_name"": ""main"", ""destination"": ""sqlite""}, ""stages"": {""extract"": {""batch_size"": 1000, ""max_retries"": 3, ""retry_delay"": 1.0, ""timeout"": 30.0, ""save_raw_responses"": true}, ""transform"": {""batch_size"": 100, ""validate_focus"": true, ""strict_validation"": false, ""save_validation_errors"": true}, ""load"": {""batch_size"": 500, ""write_disposition"": ""merge"", ""primary_key"": [""id""], ""merge_key"": [""x_provider_id"", ""charge_period_start"", ""charge_period_end"", ""sku_id""], ""column_hints"": {""tags"": {""data_type"": ""json""}, ""x_provider_data"": {""data_type"": ""json""}}}}, ""performance"": {""parallel_stages"": false, ""max_workers"": 4, ""memory_limit_mb"": 1024}, ""error_handling"": {""fail_fast"": false, ""max_errors_percentage"": 5.0, ""save_failed_records"": true}}",2025-07-12 00:00:00.000000,2025-07-20 00:00:00.000000,,,2025-07-19 15:30:11,
ef200d0e-ad91-40d1-8bf7-98883798501f,db572d7a-8f2e-4-8-,billing_pipeline,1.0.0,manual,completed,2025-07-19 15:30:13.513820,2025-07-19 15:30:18.796673,completed,"{""extract"": {""completed"": true, ""success"": true, ""duration"": 4.967578, ""records_processed"": 420, ""records_failed"": 0}, ""transform"": {""completed"": true, ""success"": true, ""duration"": 0.071531, ""records_processed"": 420, ""records_failed"": 0}, ""load"": {""completed"": true, ""success"": true, ""duration"": 0.218822, ""records_processed"": 420, ""records_failed"": 0}}",420,420,420,0,5,,,,,"{""name"": ""billing_pipeline"", ""version"": ""1.0.0"", ""dlt"": {""pipeline_name"": ""billing_etl"", ""dataset_name"": ""main"", ""destination"": ""sqlite""}, ""stages"": {""extract"": {""batch_size"": 1000, ""max_retries"": 3, ""retry_delay"": 1.0, ""timeout"": 30.0, ""save_raw_responses"": true}, ""transform"": {""batch_size"": 100, ""validate_focus"": true, ""strict_validation"": false, ""save_validation_errors"": true}, ""load"": {""batch_size"": 500, ""write_disposition"": ""merge"", ""primary_key"": [""id""], ""merge_key"": [""x_provider_id"", ""charge_period_start"", ""charge_period_end"", ""sku_id""], ""column_hints"": {""tags"": {""data_type"": ""json""}, ""x_provider_data"": {""data_type"": ""json""}}}}, ""performance"": {""parallel_stages"": false, ""max_workers"": 4, ""memory_limit_mb"": 1024}, ""error_handling"": {""fail_fast"": false, ""max_errors_percentage"": 5.0, ""save_failed_records"": true}}",2025-07-12 00:00:00.000000,2025-07-20 00:00:00.000000,,,2025-07-19 15:30:13,
8d5c23f8-7ad0-4891-b38f-1d7a9d2626b5,3b8fb499-77a0-4-8-,billing_pipeline,1.0.0,manual,completed,2025-07-19 15:47:28.761029,2025-07-19 15:47:32.765005,completed,"{""extract"": {""completed"": true, ""success"": true, ""duration"": 3.836953, ""records_processed"": 48, ""records_failed"": 0}, ""transform"": {""completed"": true, ""success"": true, ""duration"": 0.001067, ""records_processed"": 48, ""records_failed"": 0}, ""load"": {""completed"": true, ""success"": true, ""duration"": 0.000379, ""records_processed"": 0, ""records_failed"": 0}}",48,48,0,0,4,,,,,"{""name"": ""billing_pipeline"", ""version"": ""1.0.0"", ""dlt"": {""pipeline_name"": ""billing_etl"", ""dataset_name"": ""main"", ""destination"": ""sqlite""}, ""stages"": {""extract"": {""batch_size"": 1000, ""max_retries"": 3, ""retry_delay"": 1.0, ""timeout"": 30.0, ""save_raw_responses"": true}, ""transform"": {""batch_size"": 100, ""validate_focus"": true, ""strict_validation"": false, ""save_validation_errors"": true}, ""load"": {""batch_size"": 500, ""write_disposition"": ""merge"", ""primary_key"": [""id""], ""merge_key"": [""x_provider_id"", ""charge_period_start"", ""charge_period_end"", ""sku_id""], ""column_hints"": {""tags"": {""data_type"": ""json""}, ""x_provider_data"": {""data_type"": ""json""}}}}, ""performance"": {""parallel_stages"": false, ""max_workers"": 4, ""memory_limit_mb"": 1024}, ""error_handling"": {""fail_fast"": false, ""max_errors_percentage"": 5.0, ""save_failed_records"": true}}",2025-07-12 00:00:00.000000,2025-07-20 00:00:00.000000,,,2025-07-19 15:47:28,
7b024eee-2481-4722-9f75-35fffc1eb991,f00cf139-eb10-4-8-,billing_pipeline,1.0.0,manual,completed,2025-07-19 15:47:32.768600,2025-07-19 15:47:33.770138,completed,"{""extract"": {""completed"": true, ""success"": true, ""duration"": 0.793557, ""records_processed"": 0, ""records_failed"": 0}, ""transform"": {""completed"": true, ""success"": true, ""duration"": 0.000122, ""records_processed"": 0, ""records_failed"": 0}, ""load"": {""completed"": true, ""success"": true, ""duration"": 0.000228, ""records_processed"": 0, ""records_failed"": 0}}",0,0,0,0,1,,,,,"{""name"": ""billing_pipeline"", ""version"": ""1.0.0"", ""dlt"": {""pipeline_name"": ""billing_etl"", ""dataset_name"": ""main"", ""destination"": ""sqlite""}, ""stages"": {""extract"": {""batch_size"": 1000, ""max_retries"": 3, ""retry_delay"": 1.0, ""timeout"": 30.0, ""save_raw_responses"": true}, ""transform"": {""batch_size"": 100, ""validate_focus"": true, ""strict_validation"": false, ""save_validation_errors"": true}, ""load"": {""batch_size"": 500, ""write_disposition"": ""merge"", ""primary_key"": [""id""], ""merge_key"": [""x_provider_id"", ""charge_period_start"", ""charge_period_end"", ""sku_id""], ""column_hints"": {""tags"": {""data_type"": ""json""}, ""x_provider_data"": {""data_type"": ""json""}}}}, ""performance"": {""parallel_stages"": false, ""max_workers"": 4, ""memory_limit_mb"": 1024}, ""error_handling"": {""fail_fast"": false, ""max_errors_percentage"": 5.0, ""save_failed_records"": true}}",2025-07-12 00:00:00.000000,2025-07-20 00:00:00.000000,,,2025-07-19 15:47:32,
11a2bc4b-61f9-4f7d-80b5-5ba24852cf7e,86d65695-8724-4-8-,billing_pipeline,1.0.0,manual,completed,2025-07-19 15:47:33.772470,2025-07-19 15:47:35.916245,completed,"{""extract"": {""completed"": true, ""success"": true, ""duration"": 1.841621, ""records_processed"": 33, ""records_failed"": 0}, ""transform"": {""completed"": true, ""success"": true, ""duration"": 0.003035, ""records_processed"": 33, ""records_failed"": 0}, ""load"": {""completed"": true, ""success"": true, ""duration"": 0.113585, ""records_processed"": 33, ""records_failed"": 0}}",33,33,33,0,2,,,,,"{""name"": ""billing_pipeline"", ""version"": ""1.0.0"", ""dlt"": {""pipeline_name"": ""billing_etl"", ""dataset_name"": ""main"", ""destination"": ""sqlite""}, ""stages"": {""extract"": {""batch_size"": 1000, ""max_retries"": 3, ""retry_delay"": 1.0, ""timeout"": 30.0, ""save_raw_responses"": true}, ""transform"": {""batch_size"": 100, ""validate_focus"": true, ""strict_validation"": false, ""save_validation_errors"": true}, ""load"": {""batch_size"": 500, ""write_disposition"": ""merge"", ""primary_key"": [""id""], ""merge_key"": [""x_provider_id"", ""charge_period_start"", ""charge_period_end"", ""sku_id""], ""column_hints"": {""tags"": {""data_type"": ""json""}, ""x_provider_data"": {""data_type"": ""json""}}}}, ""performance"": {""parallel_stages"": false, ""max_workers"": 4, ""memory_limit_mb"": 1024}, ""error_handling"": {""fail_fast"": false, ""max_errors_percentage"": 5.0, ""save_failed_records"": true}}",2025-07-12 00:00:00.000000,2025-07-20 00:00:00.000000,,,2025-07-19 15:47:33,
30ded151-add5-487a-af5d-a99326bc22fb,db572d7a-8f2e-4-8-,billing_pipeline,1.0.0,manual,completed,2025-07-19 15:47:35.919138,2025-07-19 15:47:40.435017,completed,"{""extract"": {""completed"": true, ""success"": true, ""duration"": 4.172727, ""records_processed"": 424, ""records_failed"": 0}, ""transform"": {""completed"": true, ""success"": true, ""duration"": 0.085768, ""records_processed"": 424, ""records_failed"": 0}, ""load"": {""completed"": true, ""success"": true, ""duration"": 0.229065, ""records_processed"": 424, ""records_failed"": 0}}",424,424,424,0,4,,,,,"{""name"": ""billing_pipeline"", ""version"": ""1.0.0"", ""dlt"": {""pipeline_name"": ""billing_etl"", ""dataset_name"": ""main"", ""destination"": ""sqlite""}, ""stages"": {""extract"": {""batch_size"": 1000, ""max_retries"": 3, ""retry_delay"": 1.0, ""timeout"": 30.0, ""save_raw_responses"": true}, ""transform"": {""batch_size"": 100, ""validate_focus"": true, ""strict_validation"": false, ""save_validation_errors"": true}, ""load"": {""batch_size"": 500, ""write_disposition"": ""merge"", ""primary_key"": [""id""], ""merge_key"": [""x_provider_id"", ""charge_period_start"", ""charge_period_end"", ""sku_id""], ""column_hints"": {""tags"": {""data_type"": ""json""}, ""x_provider_data"": {""data_type"": ""json""}}}}, ""performance"": {""parallel_stages"": false, ""max_workers"": 4, ""memory_limit_mb"": 1024}, ""error_handling"": {""fail_fast"": false, ""max_errors_percentage"": 5.0, ""save_failed_records"": true}}",2025-07-12 00:00:00.000000,2025-07-20 00:00:00.000000,,,2025-07-19 15:47:35,
f4699e72-46e6-4945-adff-3450ff732ed9,3b8fb499-77a0-4-8-,billing_pipeline,1.0.0,manual,completed,2025-07-19 16:13:05.381673,2025-07-19 16:13:09.091234,completed,"{""extract"": {""completed"": true, ""success"": true, ""duration"": 3.543647, ""records_processed"": 48, ""records_failed"": 0}, ""transform"": {""completed"": true, ""success"": true, ""duration"": 0.000495, ""records_processed"": 48, ""records_failed"": 0}, ""load"": {""completed"": true, ""success"": true, ""duration"": 0.000183, ""records_processed"": 0, ""records_failed"": 0}}",48,48,0,0,3,,,,,"{""name"": ""billing_pipeline"", ""version"": ""1.0.0"", ""dlt"": {""pipeline_name"": ""billing_etl"", ""dataset_name"": ""main"", ""destination"": ""sqlite""}, ""stages"": {""extract"": {""batch_size"": 1000, ""max_retries"": 3, ""retry_delay"": 1.0, ""timeout"": 30.0, ""save_raw_responses"": true}, ""transform"": {""batch_size"": 100, ""validate_focus"": true, ""strict_validation"": false, ""save_validation_errors"": true}, ""load"": {""batch_size"": 500, ""write_disposition"": ""merge"", ""primary_key"": [""id""], ""merge_key"": [""x_provider_id"", ""charge_period_start"", ""charge_period_end"", ""sku_id""], ""column_hints"": {""tags"": {""data_type"": ""json""}, ""x_provider_data"": {""data_type"": ""json""}}}}, ""performance"": {""parallel_stages"": false, ""max_workers"": 4, ""memory_limit_mb"": 1024}, ""error_handling"": {""fail_fast"": false, ""max_errors_percentage"": 5.0, ""save_failed_records"": true}}",2025-07-12 00:00:00.000000,2025-07-20 00:00:00.000000,,,2025-07-19 16:13:05,
58cdfc05-5086-4987-b7e9-58cd753fd14b,f00cf139-eb10-4-8-,billing_pipeline,1.0.0,manual,completed,2025-07-19 16:13:09.094393,2025-07-19 16:13:10.063852,completed,"{""extract"": {""completed"": true, ""success"": true, ""duration"": 0.788736, ""records_processed"": 0, ""records_failed"": 0}, ""transform"": {""completed"": true, ""success"": true, ""duration"": 0.000147, ""records_processed"": 0, ""records_failed"": 0}, ""load"": {""completed"": true, ""success"": true, ""duration"": 0.000244, ""records_processed"": 0, ""records_failed"": 0}}",0,0,0,0,0,,,,,"{""name"": ""billing_pipeline"", ""version"": ""1.0.0"", ""dlt"": {""pipeline_name"": ""billing_etl"", ""dataset_name"": ""main"", ""destination"": ""sqlite""}, ""stages"": {""extract"": {""batch_size"": 1000, ""max_retries"": 3, ""retry_delay"": 1.0, ""timeout"": 30.0, ""save_raw_responses"": true}, ""transform"": {""batch_size"": 100, ""validate_focus"": true, ""strict_validation"": false, ""save_validation_errors"": true}, ""load"": {""batch_size"": 500, ""write_disposition"": ""merge"", ""primary_key"": [""id""], ""merge_key"": [""x_provider_id"", ""charge_period_start"", ""charge_period_end"", ""sku_id""], ""column_hints"": {""tags"": {""data_type"": ""json""}, ""x_provider_data"": {""data_type"": ""json""}}}}, ""performance"": {""parallel_stages"": false, ""max_workers"": 4, ""memory_limit_mb"": 1024}, ""error_handling"": {""fail_fast"": false, ""max_errors_percentage"": 5.0, ""save_failed_records"": true}}",2025-07-12 00:00:00.000000,2025-07-20 00:00:00.000000,,,2025-07-19 16:13:09,
84571335-5c09-4b3f-bc49-87f1d8a00530,86d65695-8724-4-8-,billing_pipeline,1.0.0,manual,completed,2025-07-19 16:13:10.066538,2025-07-19 16:13:12.199897,completed,"{""extract"": {""completed"": true, ""success"": true, ""duration"": 1.829443, ""records_processed"": 33, ""records_failed"": 0}, ""transform"": {""completed"": true, ""success"": true, ""duration"": 0.003052, ""records_processed"": 33, ""records_failed"": 0}, ""load"": {""completed"": true, ""success"": true, ""duration"": 0.11439, ""records_processed"": 33, ""records_failed"": 0}}",33,33,33,0,2,,,,,"{""name"": ""billing_pipeline"", ""version"": ""1.0.0"", ""dlt"": {""pipeline_name"": ""billing_etl"", ""dataset_name"": ""main"", ""destination"": ""sqlite""}, ""stages"": {""extract"": {""batch_size"": 1000, ""max_retries"": 3, ""retry_delay"": 1.0, ""timeout"": 30.0, ""save_raw_responses"": true}, ""transform"": {""batch_size"": 100, ""validate_focus"": true, ""strict_validation"": false, ""save_validation_errors"": true}, ""load"": {""batch_size"": 500, ""write_disposition"": ""merge"", ""primary_key"": [""id""], ""merge_key"": [""x_provider_id"", ""charge_period_start"", ""charge_period_end"", ""sku_id""], ""column_hints"": {""tags"": {""data_type"": ""json""}, ""x_provider_data"": {""data_type"": ""json""}}}}, ""performance"": {""parallel_stages"": false, ""max_workers"": 4, ""memory_limit_mb"": 1024}, ""error_handling"": {""fail_fast"": false, ""max_errors_percentage"": 5.0, ""save_failed_records"": true}}",2025-07-12 00:00:00.000000,2025-07-20 00:00:00.000000,,,2025-07-19 16:13:10,
b6de34f1-75ad-461e-aa11-bef1e1e889d0,db572d7a-8f2e-4-8-,billing_pipeline,1.0.0,manual,completed,2025-07-19 16:13:12.202607,2025-07-19 16:13:16.261111,completed,"{""extract"": {""completed"": true, ""success"": true, ""duration"": 3.710497, ""records_processed"": 424, ""records_failed"": 0}, ""transform"": {""completed"": true, ""success"": true, ""duration"": 0.07908, ""records_processed"": 424, ""records_failed"": 0}, ""load"": {""completed"": true, ""success"": true, ""duration"": 0.239717, ""records_processed"": 424, ""records_failed"": 0}}",424,424,424,0,4,,,,,"{""name"": ""billing_pipeline"", ""version"": ""1.0.0"", ""dlt"": {""pipeline_name"": ""billing_etl"", ""dataset_name"": ""main"", ""destination"": ""sqlite""}, ""stages"": {""extract"": {""batch_size"": 1000, ""max_retries"": 3, ""retry_delay"": 1.0, ""timeout"": 30.0, ""save_raw_responses"": true}, ""transform"": {""batch_size"": 100, ""validate_focus"": true, ""strict_validation"": false, ""save_validation_errors"": true}, ""load"": {""batch_size"": 500, ""write_disposition"": ""merge"", ""primary_key"": [""id""], ""merge_key"": [""x_provider_id"", ""charge_period_start"", ""charge_period_end"", ""sku_id""], ""column_hints"": {""tags"": {""data_type"": ""json""}, ""x_provider_data"": {""data_type"": ""json""}}}}, ""performance"": {""parallel_stages"": false, ""max_workers"": 4, ""memory_limit_mb"": 1024}, ""error_handling"": {""fail_fast"": false, ""max_errors_percentage"": 5.0, ""save_failed_records"": true}}",2025-07-12 00:00:00.000000,2025-07-20 00:00:00.000000,,,2025-07-19 16:13:12,
1f0162d6-0cf6-4199-a1f3-271faa246fb9,3b8fb499-77a0-4-8-,billing_pipeline,1.0.0,manual,completed,2025-07-19 16:15:53.859523,2025-07-19 16:15:57.540573,completed,"{""extract"": {""completed"": true, ""success"": true, ""duration"": 3.523918, ""records_processed"": 48, ""records_failed"": 0}, ""transform"": {""completed"": true, ""success"": true, ""duration"": 0.000615, ""records_processed"": 48, ""records_failed"": 0}, ""load"": {""completed"": true, ""success"": true, ""duration"": 0.00014, ""records_processed"": 0, ""records_failed"": 0}}",48,48,0,0,3,,,,,"{""name"": ""billing_pipeline"", ""version"": ""1.0.0"", ""dlt"": {""pipeline_name"": ""billing_etl"", ""dataset_name"": ""main"", ""destination"": ""sqlite""}, ""stages"": {""extract"": {""batch_size"": 1000, ""max_retries"": 3, ""retry_delay"": 1.0, ""timeout"": 30.0, ""save_raw_responses"": true}, ""transform"": {""batch_size"": 100, ""validate_focus"": true, ""strict_validation"": false, ""save_validation_errors"": true}, ""load"": {""batch_size"": 500, ""write_disposition"": ""merge"", ""primary_key"": [""id""], ""merge_key"": [""x_provider_id"", ""charge_period_start"", ""charge_period_end"", ""sku_id""], ""column_hints"": {""tags"": {""data_type"": ""json""}, ""x_provider_data"": {""data_type"": ""json""}}}}, ""performance"": {""parallel_stages"": false, ""max_workers"": 4, ""memory_limit_mb"": 1024}, ""error_handling"": {""fail_fast"": false, ""max_errors_percentage"": 5.0, ""save_failed_records"": true}}",2025-07-12 00:00:00.000000,2025-07-20 00:00:00.000000,,,2025-07-19 16:15:53,
c0a1ee1e-f7e5-415f-b0a3-929ed93b2692,f00cf139-eb10-4-8-,billing_pipeline,1.0.0,manual,completed,2025-07-19 16:15:57.543848,2025-07-19 16:15:58.500456,completed,"{""extract"": {""completed"": true, ""success"": true, ""duration"": 0.781803, ""records_processed"": 0, ""records_failed"": 0}, ""transform"": {""completed"": true, ""success"": true, ""duration"": 0.000116, ""records_processed"": 0, ""records_failed"": 0}, ""load"": {""completed"": true, ""success"": true, ""duration"": 0.000245, ""records_processed"": 0, ""records_failed"": 0}}",0,0,0,0,0,,,,,"{""name"": ""billing_pipeline"", ""version"": ""1.0.0"", ""dlt"": {""pipeline_name"": ""billing_etl"", ""dataset_name"": ""main"", ""destination"": ""sqlite""}, ""stages"": {""extract"": {""batch_size"": 1000, ""max_retries"": 3, ""retry_delay"": 1.0, ""timeout"": 30.0, ""save_raw_responses"": true}, ""transform"": {""batch_size"": 100, ""validate_focus"": true, ""strict_validation"": false, ""save_validation_errors"": true}, ""load"": {""batch_size"": 500, ""write_disposition"": ""merge"", ""primary_key"": [""id""], ""merge_key"": [""x_provider_id"", ""charge_period_start"", ""charge_period_end"", ""sku_id""], ""column_hints"": {""tags"": {""data_type"": ""json""}, ""x_provider_data"": {""data_type"": ""json""}}}}, ""performance"": {""parallel_stages"": false, ""max_workers"": 4, ""memory_limit_mb"": 1024}, ""error_handling"": {""fail_fast"": false, ""max_errors_percentage"": 5.0, ""save_failed_records"": true}}",2025-07-12 00:00:00.000000,2025-07-20 00:00:00.000000,,,2025-07-19 16:15:57,
022f3375-e51b-4d16-8ce3-16c36fcdc16e,86d65695-8724-4-8-,billing_pipeline,1.0.0,manual,completed,2025-07-19 16:15:58.502966,2025-07-19 16:16:00.639118,completed,"{""extract"": {""completed"": true, ""success"": true, ""duration"": 1.74965, ""records_processed"": 33, ""records_failed"": 0}, ""transform"": {""completed"": true, ""success"": true, ""duration"": 0.00315, ""records_processed"": 33, ""records_failed"": 0}, ""load"": {""completed"": true, ""success"": true, ""duration"": 0.116805, ""records_processed"": 33, ""records_failed"": 0}}",33,33,33,0,2,,,,,"{""name"": ""billing_pipeline"", ""version"": ""1.0.0"", ""dlt"": {""pipeline_name"": ""billing_etl"", ""dataset_name"": ""main"", ""destination"": ""sqlite""}, ""stages"": {""extract"": {""batch_size"": 1000, ""max_retries"": 3, ""retry_delay"": 1.0, ""timeout"": 30.0, ""save_raw_responses"": true}, ""transform"": {""batch_size"": 100, ""validate_focus"": true, ""strict_validation"": false, ""save_validation_errors"": true}, ""load"": {""batch_size"": 500, ""write_disposition"": ""merge"", ""primary_key"": [""id""], ""merge_key"": [""x_provider_id"", ""charge_period_start"", ""charge_period_end"", ""sku_id""], ""column_hints"": {""tags"": {""data_type"": ""json""}, ""x_provider_data"": {""data_type"": ""json""}}}}, ""performance"": {""parallel_stages"": false, ""max_workers"": 4, ""memory_limit_mb"": 1024}, ""error_handling"": {""fail_fast"": false, ""max_errors_percentage"": 5.0, ""save_failed_records"": true}}",2025-07-12 00:00:00.000000,2025-07-20 00:00:00.000000,,,2025-07-19 16:15:58,
96bb4640-f5a2-45d6-a8e8-63f6dee2b82c,db572d7a-8f2e-4-8-,billing_pipeline,1.0.0,manual,completed,2025-07-19 16:16:00.641610,2025-07-19 16:16:04.587957,completed,"{""extract"": {""completed"": true, ""success"": true, ""duration"": 3.60403, ""records_processed"": 424, ""records_failed"": 0}, ""transform"": {""completed"": true, ""success"": true, ""duration"": 0.071857, ""records_processed"": 424, ""records_failed"": 0}, ""load"": {""completed"": true, ""success"": true, ""duration"": 0.242493, ""records_processed"": 424, ""records_failed"": 0}}",424,424,424,0,3,,,,,"{""name"": ""billing_pipeline"", ""version"": ""1.0.0"", ""dlt"": {""pipeline_name"": ""billing_etl"", ""dataset_name"": ""main"", ""destination"": ""sqlite""}, ""stages"": {""extract"": {""batch_size"": 1000, ""max_retries"": 3, ""retry_delay"": 1.0, ""timeout"": 30.0, ""save_raw_responses"": true}, ""transform"": {""batch_size"": 100, ""validate_focus"": true, ""strict_validation"": false, ""save_validation_errors"": true}, ""load"": {""batch_size"": 500, ""write_disposition"": ""merge"", ""primary_key"": [""id""], ""merge_key"": [""x_provider_id"", ""charge_period_start"", ""charge_period_end"", ""sku_id""], ""column_hints"": {""tags"": {""data_type"": ""json""}, ""x_provider_data"": {""data_type"": ""json""}}}}, ""performance"": {""parallel_stages"": false, ""max_workers"": 4, ""memory_limit_mb"": 1024}, ""error_handling"": {""fail_fast"": false, ""max_errors_percentage"": 5.0, ""save_failed_records"": true}}",2025-07-12 00:00:00.000000,2025-07-20 00:00:00.000000,,,2025-07-19 16:16:00,
1851d17d-e6c0-4e22-88a9-f8e5e4f3f32a,3b8fb499-77a0-4-8-,billing_pipeline,1.0.0,manual,completed,2025-07-19 16:18:21.020232,2025-07-19 16:18:36.003905,completed,"{""extract"": {""completed"": true, ""success"": true, ""duration"": 14.808043, ""records_processed"": 48, ""records_failed"": 0}, ""transform"": {""completed"": true, ""success"": true, ""duration"": 0.000789, ""records_processed"": 48, ""records_failed"": 0}, ""load"": {""completed"": true, ""success"": true, ""duration"": 0.000295, ""records_processed"": 0, ""records_failed"": 0}}",48,48,0,0,14,,,,,"{""name"": ""billing_pipeline"", ""version"": ""1.0.0"", ""dlt"": {""pipeline_name"": ""billing_etl"", ""dataset_name"": ""main"", ""destination"": ""sqlite""}, ""stages"": {""extract"": {""batch_size"": 1000, ""max_retries"": 3, ""retry_delay"": 1.0, ""timeout"": 30.0, ""save_raw_responses"": true}, ""transform"": {""batch_size"": 100, ""validate_focus"": true, ""strict_validation"": false, ""save_validation_errors"": true}, ""load"": {""batch_size"": 500, ""write_disposition"": ""merge"", ""primary_key"": [""id""], ""merge_key"": [""x_provider_id"", ""charge_period_start"", ""charge_period_end"", ""sku_id""], ""column_hints"": {""tags"": {""data_type"": ""json""}, ""x_provider_data"": {""data_type"": ""json""}}}}, ""performance"": {""parallel_stages"": false, ""max_workers"": 4, ""memory_limit_mb"": 1024}, ""error_handling"": {""fail_fast"": false, ""max_errors_percentage"": 5.0, ""save_failed_records"": true}}",2025-07-12 00:00:00.000000,2025-07-20 00:00:00.000000,,,2025-07-19 16:18:21,
c9e6c25d-61d8-4345-9d4d-4b81a9838e86,f00cf139-eb10-4-8-,billing_pipeline,1.0.0,manual,completed,2025-07-19 16:18:36.007925,2025-07-19 16:18:36.969150,completed,"{""extract"": {""completed"": true, ""success"": true, ""duration"": 0.772258, ""records_processed"": 0, ""records_failed"": 0}, ""transform"": {""completed"": true, ""success"": true, ""duration"": 0.000306, ""records_processed"": 0, ""records_failed"": 0}, ""load"": {""completed"": true, ""success"": true, ""duration"": 0.000271, ""records_processed"": 0, ""records_failed"": 0}}",0,0,0,0,0,,,,,"{""name"": ""billing_pipeline"", ""version"": ""1.0.0"", ""dlt"": {""pipeline_name"": ""billing_etl"", ""dataset_name"": ""main"", ""destination"": ""sqlite""}, ""stages"": {""extract"": {""batch_size"": 1000, ""max_retries"": 3, ""retry_delay"": 1.0, ""timeout"": 30.0, ""save_raw_responses"": true}, ""transform"": {""batch_size"": 100, ""validate_focus"": true, ""strict_validation"": false, ""save_validation_errors"": true}, ""load"": {""batch_size"": 500, ""write_disposition"": ""merge"", ""primary_key"": [""id""], ""merge_key"": [""x_provider_id"", ""charge_period_start"", ""charge_period_end"", ""sku_id""], ""column_hints"": {""tags"": {""data_type"": ""json""}, ""x_provider_data"": {""data_type"": ""json""}}}}, ""performance"": {""parallel_stages"": false, ""max_workers"": 4, ""memory_limit_mb"": 1024}, ""error_handling"": {""fail_fast"": false, ""max_errors_percentage"": 5.0, ""save_failed_records"": true}}",2025-07-12 00:00:00.000000,2025-07-20 00:00:00.000000,,,2025-07-19 16:18:36,
6f98c710-c8a2-49d8-a0d5-0f1f70c60500,86d65695-8724-4-8-,billing_pipeline,1.0.0,manual,completed,2025-07-19 16:18:36.971592,2025-07-19 16:18:39.105182,completed,"{""extract"": {""completed"": true, ""success"": true, ""duration"": 1.822949, ""records_processed"": 33, ""records_failed"": 0}, ""transform"": {""completed"": true, ""success"": true, ""duration"": 0.002981, ""records_processed"": 33, ""records_failed"": 0}, ""load"": {""completed"": true, ""success"": true, ""duration"": 0.117354, ""records_processed"": 33, ""records_failed"": 0}}",33,33,33,0,2,,,,,"{""name"": ""billing_pipeline"", ""version"": ""1.0.0"", ""dlt"": {""pipeline_name"": ""billing_etl"", ""dataset_name"": ""main"", ""destination"": ""sqlite""}, ""stages"": {""extract"": {""batch_size"": 1000, ""max_retries"": 3, ""retry_delay"": 1.0, ""timeout"": 30.0, ""save_raw_responses"": true}, ""transform"": {""batch_size"": 100, ""validate_focus"": true, ""strict_validation"": false, ""save_validation_errors"": true}, ""load"": {""batch_size"": 500, ""write_disposition"": ""merge"", ""primary_key"": [""id""], ""merge_key"": [""x_provider_id"", ""charge_period_start"", ""charge_period_end"", ""sku_id""], ""column_hints"": {""tags"": {""data_type"": ""json""}, ""x_provider_data"": {""data_type"": ""json""}}}}, ""performance"": {""parallel_stages"": false, ""max_workers"": 4, ""memory_limit_mb"": 1024}, ""error_handling"": {""fail_fast"": false, ""max_errors_percentage"": 5.0, ""save_failed_records"": true}}",2025-07-12 00:00:00.000000,2025-07-20 00:00:00.000000,,,2025-07-19 16:18:36,
8e56a7b5-c767-4490-94ef-338b28d55b9d,db572d7a-8f2e-4-8-,billing_pipeline,1.0.0,manual,completed,2025-07-19 16:18:39.107378,2025-07-19 16:18:42.885436,completed,"{""extract"": {""completed"": true, ""success"": true, ""duration"": 3.496786, ""records_processed"": 424, ""records_failed"": 0}, ""transform"": {""completed"": true, ""success"": true, ""duration"": 0.019122, ""records_processed"": 424, ""records_failed"": 0}, ""load"": {""completed"": true, ""success"": true, ""duration"": 0.233385, ""records_processed"": 424, ""records_failed"": 0}}",424,424,424,0,3,,,,,"{""name"": ""billing_pipeline"", ""version"": ""1.0.0"", ""dlt"": {""pipeline_name"": ""billing_etl"", ""dataset_name"": ""main"", ""destination"": ""sqlite""}, ""stages"": {""extract"": {""batch_size"": 1000, ""max_retries"": 3, ""retry_delay"": 1.0, ""timeout"": 30.0, ""save_raw_responses"": true}, ""transform"": {""batch_size"": 100, ""validate_focus"": true, ""strict_validation"": false, ""save_validation_errors"": true}, ""load"": {""batch_size"": 500, ""write_disposition"": ""merge"", ""primary_key"": [""id""], ""merge_key"": [""x_provider_id"", ""charge_period_start"", ""charge_period_end"", ""sku_id""], ""column_hints"": {""tags"": {""data_type"": ""json""}, ""x_provider_data"": {""data_type"": ""json""}}}}, ""performance"": {""parallel_stages"": false, ""max_workers"": 4, ""memory_limit_mb"": 1024}, ""error_handling"": {""fail_fast"": false, ""max_errors_percentage"": 5.0, ""save_failed_records"": true}}",2025-07-12 00:00:00.000000,2025-07-20 00:00:00.000000,,,2025-07-19 16:18:39,
8b2bd730-516c-4e13-88f1-740ecb718c13,3b8fb499-77a0-4-8-,billing_pipeline,1.0.0,manual,failed,2025-07-20 09:05:39.651528,,initializing,,0,0,0,0,,,Cannot run the event loop while another loop is running,,,"{""name"": ""billing_pipeline"", ""version"": ""1.0.0"", ""dlt"": {""pipeline_name"": ""billing_etl"", ""dataset_name"": ""main"", ""destination"": ""sqlite""}, ""stages"": {""extract"": {""batch_size"": 1000, ""max_retries"": 3, ""retry_delay"": 1.0, ""timeout"": 30.0, ""save_raw_responses"": true}, ""transform"": {""batch_size"": 100, ""validate_focus"": true, ""strict_validation"": false, ""save_validation_errors"": true}, ""load"": {""batch_size"": 500, ""write_disposition"": ""merge"", ""primary_key"": [""id""], ""merge_key"": [""x_provider_id"", ""charge_period_start"", ""charge_period_end"", ""sku_id""], ""column_hints"": {""tags"": {""data_type"": ""json""}, ""x_provider_data"": {""data_type"": ""json""}}}}, ""performance"": {""parallel_stages"": false, ""max_workers"": 4, ""memory_limit_mb"": 1024}, ""error_handling"": {""fail_fast"": false, ""max_errors_percentage"": 5.0, ""save_failed_records"": true}}",2025-07-13 00:00:00.000000,2025-07-21 00:00:00.000000,,,2025-07-20 09:05:39,
7f46bacd-dfdb-4ab1-8b79-0e02053aeabd,f00cf139-eb10-4-8-,billing_pipeline,1.0.0,manual,failed,2025-07-20 09:05:39.813759,,initializing,,0,0,0,0,,,Cannot run the event loop while another loop is running,,,"{""name"": ""billing_pipeline"", ""version"": ""1.0.0"", ""dlt"": {""pipeline_name"": ""billing_etl"", ""dataset_name"": ""main"", ""destination"": ""sqlite""}, ""stages"": {""extract"": {""batch_size"": 1000, ""max_retries"": 3, ""retry_delay"": 1.0, ""timeout"": 30.0, ""save_raw_responses"": true}, ""transform"": {""batch_size"": 100, ""validate_focus"": true, ""strict_validation"": false, ""save_validation_errors"": true}, ""load"": {""batch_size"": 500, ""write_disposition"": ""merge"", ""primary_key"": [""id""], ""merge_key"": [""x_provider_id"", ""charge_period_start"", ""charge_period_end"", ""sku_id""], ""column_hints"": {""tags"": {""data_type"": ""json""}, ""x_provider_data"": {""data_type"": ""json""}}}}, ""performance"": {""parallel_stages"": false, ""max_workers"": 4, ""memory_limit_mb"": 1024}, ""error_handling"": {""fail_fast"": false, ""max_errors_percentage"": 5.0, ""save_failed_records"": true}}",2025-07-13 00:00:00.000000,2025-07-21 00:00:00.000000,,,2025-07-20 09:05:39,
0e82cebb-c320-4e35-8cf7-615ae86a1881,86d65695-8724-4-8-,billing_pipeline,1.0.0,manual,failed,2025-07-20 09:05:40.049824,,initializing,,0,0,0,0,,,Cannot run the event loop while another loop is running,,,"{""name"": ""billing_pipeline"", ""version"": ""1.0.0"", ""dlt"": {""pipeline_name"": ""billing_etl"", ""dataset_name"": ""main"", ""destination"": ""sqlite""}, ""stages"": {""extract"": {""batch_size"": 1000, ""max_retries"": 3, ""retry_delay"": 1.0, ""timeout"": 30.0, ""save_raw_responses"": true}, ""transform"": {""batch_size"": 100, ""validate_focus"": true, ""strict_validation"": false, ""save_validation_errors"": true}, ""load"": {""batch_size"": 500, ""write_disposition"": ""merge"", ""primary_key"": [""id""], ""merge_key"": [""x_provider_id"", ""charge_period_start"", ""charge_period_end"", ""sku_id""], ""column_hints"": {""tags"": {""data_type"": ""json""}, ""x_provider_data"": {""data_type"": ""json""}}}}, ""performance"": {""parallel_stages"": false, ""max_workers"": 4, ""memory_limit_mb"": 1024}, ""error_handling"": {""fail_fast"": false, ""max_errors_percentage"": 5.0, ""save_failed_records"": true}}",2025-07-13 00:00:00.000000,2025-07-21 00:00:00.000000,,,2025-07-20 09:05:40,
48af5362-7390-4133-ad08-23eb3602e180,db572d7a-8f2e-4-8-,billing_pipeline,1.0.0,manual,failed,2025-07-20 09:05:40.369510,,initializing,,0,0,0,0,,,Cannot run the event loop while another loop is running,,,"{""name"": ""billing_pipeline"", ""version"": ""1.0.0"", ""dlt"": {""pipeline_name"": ""billing_etl"", ""dataset_name"": ""main"", ""destination"": ""sqlite""}, ""stages"": {""extract"": {""batch_size"": 1000, ""max_retries"": 3, ""retry_delay"": 1.0, ""timeout"": 30.0, ""save_raw_responses"": true}, ""transform"": {""batch_size"": 100, ""validate_focus"": true, ""strict_validation"": false, ""save_validation_errors"": true}, ""load"": {""batch_size"": 500, ""write_disposition"": ""merge"", ""primary_key"": [""id""], ""merge_key"": [""x_provider_id"", ""charge_period_start"", ""charge_period_end"", ""sku_id""], ""column_hints"": {""tags"": {""data_type"": ""json""}, ""x_provider_data"": {""data_type"": ""json""}}}}, ""performance"": {""parallel_stages"": false, ""max_workers"": 4, ""memory_limit_mb"": 1024}, ""error_handling"": {""fail_fast"": false, ""max_errors_percentage"": 5.0, ""save_failed_records"": true}}",2025-07-13 00:00:00.000000,2025-07-21 00:00:00.000000,,,2025-07-20 09:05:40,
4df51539-0aa6-4d31-be62-df6d63fa79fa,3b8fb499-77a0-4-8-,billing_pipeline,1.0.0,manual,completed,2025-07-20 09:14:35.282724,2025-07-20 09:14:39.534044,completed,,96,96,96,0,4,,,,,"{""name"": ""billing_pipeline"", ""version"": ""1.0.0"", ""dlt"": {""pipeline_name"": ""billing_etl"", ""dataset_name"": ""main"", ""destination"": ""sqlite""}, ""stages"": {""extract"": {""batch_size"": 1000, ""max_retries"": 3, ""retry_delay"": 1.0, ""timeout"": 30.0, ""save_raw_responses"": true}, ""transform"": {""batch_size"": 100, ""validate_focus"": true, ""strict_validation"": false, ""save_validation_errors"": true}, ""load"": {""batch_size"": 500, ""write_disposition"": ""merge"", ""primary_key"": [""id""], ""merge_key"": [""x_provider_id"", ""charge_period_start"", ""charge_period_end"", ""sku_id""], ""column_hints"": {""tags"": {""data_type"": ""json""}, ""x_provider_data"": {""data_type"": ""json""}}}}, ""performance"": {""parallel_stages"": false, ""max_workers"": 4, ""memory_limit_mb"": 1024}, ""error_handling"": {""fail_fast"": false, ""max_errors_percentage"": 5.0, ""save_failed_records"": true}}",2025-07-13 00:00:00.000000,2025-07-21 00:00:00.000000,,,2025-07-20 09:14:35,
48f955b1-b1e4-4cac-8ba1-3986af9a87e1,f00cf139-eb10-4-8-,billing_pipeline,1.0.0,manual,completed,2025-07-20 09:14:39.535953,2025-07-20 09:14:40.597201,completed,,0,0,0,0,1,,,,,"{""name"": ""billing_pipeline"", ""version"": ""1.0.0"", ""dlt"": {""pipeline_name"": ""billing_etl"", ""dataset_name"": ""main"", ""destination"": ""sqlite""}, ""stages"": {""extract"": {""batch_size"": 1000, ""max_retries"": 3, ""retry_delay"": 1.0, ""timeout"": 30.0, ""save_raw_responses"": true}, ""transform"": {""batch_size"": 100, ""validate_focus"": true, ""strict_validation"": false, ""save_validation_errors"": true}, ""load"": {""batch_size"": 500, ""write_disposition"": ""merge"", ""primary_key"": [""id""], ""merge_key"": [""x_provider_id"", ""charge_period_start"", ""charge_period_end"", ""sku_id""], ""column_hints"": {""tags"": {""data_type"": ""json""}, ""x_provider_data"": {""data_type"": ""json""}}}}, ""performance"": {""parallel_stages"": false, ""max_workers"": 4, ""memory_limit_mb"": 1024}, ""error_handling"": {""fail_fast"": false, ""max_errors_percentage"": 5.0, ""save_failed_records"": true}}",2025-07-13 00:00:00.000000,2025-07-21 00:00:00.000000,,,2025-07-20 09:14:39,
237522de-efbf-4215-a715-0d2a0d5c83c2,86d65695-8724-4-8-,billing_pipeline,1.0.0,manual,completed,2025-07-20 09:14:40.598935,2025-07-20 09:14:42.800194,completed,,117,117,117,0,2,,,,,"{""name"": ""billing_pipeline"", ""version"": ""1.0.0"", ""dlt"": {""pipeline_name"": ""billing_etl"", ""dataset_name"": ""main"", ""destination"": ""sqlite""}, ""stages"": {""extract"": {""batch_size"": 1000, ""max_retries"": 3, ""retry_delay"": 1.0, ""timeout"": 30.0, ""save_raw_responses"": true}, ""transform"": {""batch_size"": 100, ""validate_focus"": true, ""strict_validation"": false, ""save_validation_errors"": true}, ""load"": {""batch_size"": 500, ""write_disposition"": ""merge"", ""primary_key"": [""id""], ""merge_key"": [""x_provider_id"", ""charge_period_start"", ""charge_period_end"", ""sku_id""], ""column_hints"": {""tags"": {""data_type"": ""json""}, ""x_provider_data"": {""data_type"": ""json""}}}}, ""performance"": {""parallel_stages"": false, ""max_workers"": 4, ""memory_limit_mb"": 1024}, ""error_handling"": {""fail_fast"": false, ""max_errors_percentage"": 5.0, ""save_failed_records"": true}}",2025-07-13 00:00:00.000000,2025-07-21 00:00:00.000000,,,2025-07-20 09:14:40,
479e369a-b3a4-4d6f-b1a2-17a4e9cbbfd9,db572d7a-8f2e-4-8-,billing_pipeline,1.0.0,manual,completed,2025-07-20 09:14:42.802589,2025-07-20 09:14:47.247103,completed,,1275,1275,1275,0,4,,,,,"{""name"": ""billing_pipeline"", ""version"": ""1.0.0"", ""dlt"": {""pipeline_name"": ""billing_etl"", ""dataset_name"": ""main"", ""destination"": ""sqlite""}, ""stages"": {""extract"": {""batch_size"": 1000, ""max_retries"": 3, ""retry_delay"": 1.0, ""timeout"": 30.0, ""save_raw_responses"": true}, ""transform"": {""batch_size"": 100, ""validate_focus"": true, ""strict_validation"": false, ""save_validation_errors"": true}, ""load"": {""batch_size"": 500, ""write_disposition"": ""merge"", ""primary_key"": [""id""], ""merge_key"": [""x_provider_id"", ""charge_period_start"", ""charge_period_end"", ""sku_id""], ""column_hints"": {""tags"": {""data_type"": ""json""}, ""x_provider_data"": {""data_type"": ""json""}}}}, ""performance"": {""parallel_stages"": false, ""max_workers"": 4, ""memory_limit_mb"": 1024}, ""error_handling"": {""fail_fast"": false, ""max_errors_percentage"": 5.0, ""save_failed_records"": true}}",2025-07-13 00:00:00.000000,2025-07-21 00:00:00.000000,,,2025-07-20 09:14:42,
c7ca7918-5bc3-4c53-b253-0019d9d3f07f,3b8fb499-77a0-4-8-,billing_pipeline,1.0.0,manual,completed,2025-07-20 09:35:59.631650,2025-07-20 09:36:03.905292,completed,,96,96,96,0,4,,,,,"{""name"": ""billing_pipeline"", ""version"": ""1.0.0"", ""dlt"": {""pipeline_name"": ""billing_etl"", ""dataset_name"": ""main"", ""destination"": ""sqlite""}, ""stages"": {""extract"": {""batch_size"": 1000, ""max_retries"": 3, ""retry_delay"": 1.0, ""timeout"": 30.0, ""save_raw_responses"": true}, ""transform"": {""batch_size"": 100, ""validate_focus"": true, ""strict_validation"": false, ""save_validation_errors"": true}, ""load"": {""batch_size"": 500, ""write_disposition"": ""merge"", ""primary_key"": [""id""], ""merge_key"": [""x_provider_id"", ""charge_period_start"", ""charge_period_end"", ""sku_id""], ""column_hints"": {""tags"": {""data_type"": ""json""}, ""x_provider_data"": {""data_type"": ""json""}}}}, ""performance"": {""parallel_stages"": false, ""max_workers"": 4, ""memory_limit_mb"": 1024}, ""error_handling"": {""fail_fast"": false, ""max_errors_percentage"": 5.0, ""save_failed_records"": true}}",2025-07-13 00:00:00.000000,2025-07-21 00:00:00.000000,,,2025-07-20 09:35:59,
1591ce5e-9437-4245-bf70-3f4ac1de3c22,f00cf139-eb10-4-8-,billing_pipeline,1.0.0,manual,completed,2025-07-20 09:36:03.907283,2025-07-20 09:36:04.933070,completed,,0,0,0,0,1,,,,,"{""name"": ""billing_pipeline"", ""version"": ""1.0.0"", ""dlt"": {""pipeline_name"": ""billing_etl"", ""dataset_name"": ""main"", ""destination"": ""sqlite""}, ""stages"": {""extract"": {""batch_size"": 1000, ""max_retries"": 3, ""retry_delay"": 1.0, ""timeout"": 30.0, ""save_raw_responses"": true}, ""transform"": {""batch_size"": 100, ""validate_focus"": true, ""strict_validation"": false, ""save_validation_errors"": true}, ""load"": {""batch_size"": 500, ""write_disposition"": ""merge"", ""primary_key"": [""id""], ""merge_key"": [""x_provider_id"", ""charge_period_start"", ""charge_period_end"", ""sku_id""], ""column_hints"": {""tags"": {""data_type"": ""json""}, ""x_provider_data"": {""data_type"": ""json""}}}}, ""performance"": {""parallel_stages"": false, ""max_workers"": 4, ""memory_limit_mb"": 1024}, ""error_handling"": {""fail_fast"": false, ""max_errors_percentage"": 5.0, ""save_failed_records"": true}}",2025-07-13 00:00:00.000000,2025-07-21 00:00:00.000000,,,2025-07-20 09:36:03,
4ff9d972-3ebe-44b0-9166-a145460a2889,86d65695-8724-4-8-,billing_pipeline,1.0.0,manual,completed,2025-07-20 09:36:04.935103,2025-07-20 09:36:07.016403,completed,,117,117,117,0,2,,,,,"{""name"": ""billing_pipeline"", ""version"": ""1.0.0"", ""dlt"": {""pipeline_name"": ""billing_etl"", ""dataset_name"": ""main"", ""destination"": ""sqlite""}, ""stages"": {""extract"": {""batch_size"": 1000, ""max_retries"": 3, ""retry_delay"": 1.0, ""timeout"": 30.0, ""save_raw_responses"": true}, ""transform"": {""batch_size"": 100, ""validate_focus"": true, ""strict_validation"": false, ""save_validation_errors"": true}, ""load"": {""batch_size"": 500, ""write_disposition"": ""merge"", ""primary_key"": [""id""], ""merge_key"": [""x_provider_id"", ""charge_period_start"", ""charge_period_end"", ""sku_id""], ""column_hints"": {""tags"": {""data_type"": ""json""}, ""x_provider_data"": {""data_type"": ""json""}}}}, ""performance"": {""parallel_stages"": false, ""max_workers"": 4, ""memory_limit_mb"": 1024}, ""error_handling"": {""fail_fast"": false, ""max_errors_percentage"": 5.0, ""save_failed_records"": true}}",2025-07-13 00:00:00.000000,2025-07-21 00:00:00.000000,,,2025-07-20 09:36:04,
5d76d2a0-e44c-41e7-932f-f23e75ccd420,db572d7a-8f2e-4-8-,billing_pipeline,1.0.0,manual,completed,2025-07-20 09:36:07.017654,2025-07-20 09:36:10.561575,completed,,1275,1275,1275,0,3,,,,,"{""name"": ""billing_pipeline"", ""version"": ""1.0.0"", ""dlt"": {""pipeline_name"": ""billing_etl"", ""dataset_name"": ""main"", ""destination"": ""sqlite""}, ""stages"": {""extract"": {""batch_size"": 1000, ""max_retries"": 3, ""retry_delay"": 1.0, ""timeout"": 30.0, ""save_raw_responses"": true}, ""transform"": {""batch_size"": 100, ""validate_focus"": true, ""strict_validation"": false, ""save_validation_errors"": true}, ""load"": {""batch_size"": 500, ""write_disposition"": ""merge"", ""primary_key"": [""id""], ""merge_key"": [""x_provider_id"", ""charge_period_start"", ""charge_period_end"", ""sku_id""], ""column_hints"": {""tags"": {""data_type"": ""json""}, ""x_provider_data"": {""data_type"": ""json""}}}}, ""performance"": {""parallel_stages"": false, ""max_workers"": 4, ""memory_limit_mb"": 1024}, ""error_handling"": {""fail_fast"": false, ""max_errors_percentage"": 5.0, ""save_failed_records"": true}}",2025-07-13 00:00:00.000000,2025-07-21 00:00:00.000000,,,2025-07-20 09:36:07,
4ae03efa-03ae-4445-af4a-71bccc993616,3b8fb499-77a0-4-8-,billing_pipeline,1.0.0,manual,completed,2025-07-20 09:38:05.778461,2025-07-20 09:38:09.525427,completed,,96,96,96,0,3,,,,,"{""name"": ""billing_pipeline"", ""version"": ""1.0.0"", ""dlt"": {""pipeline_name"": ""billing_etl"", ""dataset_name"": ""main"", ""destination"": ""sqlite""}, ""stages"": {""extract"": {""batch_size"": 1000, ""max_retries"": 3, ""retry_delay"": 1.0, ""timeout"": 30.0, ""save_raw_responses"": true}, ""transform"": {""batch_size"": 100, ""validate_focus"": true, ""strict_validation"": false, ""save_validation_errors"": true}, ""load"": {""batch_size"": 500, ""write_disposition"": ""merge"", ""primary_key"": [""id""], ""merge_key"": [""x_provider_id"", ""charge_period_start"", ""charge_period_end"", ""sku_id""], ""column_hints"": {""tags"": {""data_type"": ""json""}, ""x_provider_data"": {""data_type"": ""json""}}}}, ""performance"": {""parallel_stages"": false, ""max_workers"": 4, ""memory_limit_mb"": 1024}, ""error_handling"": {""fail_fast"": false, ""max_errors_percentage"": 5.0, ""save_failed_records"": true}}",2025-07-13 00:00:00.000000,2025-07-21 00:00:00.000000,,,2025-07-20 09:38:05,
807c7236-7fea-4a4c-b9a3-bd31f88730d0,f00cf139-eb10-4-8-,billing_pipeline,1.0.0,manual,completed,2025-07-20 09:38:09.527179,2025-07-20 09:38:10.542216,completed,,0,0,0,0,1,,,,,"{""name"": ""billing_pipeline"", ""version"": ""1.0.0"", ""dlt"": {""pipeline_name"": ""billing_etl"", ""dataset_name"": ""main"", ""destination"": ""sqlite""}, ""stages"": {""extract"": {""batch_size"": 1000, ""max_retries"": 3, ""retry_delay"": 1.0, ""timeout"": 30.0, ""save_raw_responses"": true}, ""transform"": {""batch_size"": 100, ""validate_focus"": true, ""strict_validation"": false, ""save_validation_errors"": true}, ""load"": {""batch_size"": 500, ""write_disposition"": ""merge"", ""primary_key"": [""id""], ""merge_key"": [""x_provider_id"", ""charge_period_start"", ""charge_period_end"", ""sku_id""], ""column_hints"": {""tags"": {""data_type"": ""json""}, ""x_provider_data"": {""data_type"": ""json""}}}}, ""performance"": {""parallel_stages"": false, ""max_workers"": 4, ""memory_limit_mb"": 1024}, ""error_handling"": {""fail_fast"": false, ""max_errors_percentage"": 5.0, ""save_failed_records"": true}}",2025-07-13 00:00:00.000000,2025-07-21 00:00:00.000000,,,2025-07-20 09:38:09,
89f7d576-ce09-4b1e-b47e-e0e7f7a0056b,86d65695-8724-4-8-,billing_pipeline,1.0.0,manual,completed,2025-07-20 09:38:10.544108,2025-07-20 09:38:12.639089,completed,,117,117,117,0,2,,,,,"{""name"": ""billing_pipeline"", ""version"": ""1.0.0"", ""dlt"": {""pipeline_name"": ""billing_etl"", ""dataset_name"": ""main"", ""destination"": ""sqlite""}, ""stages"": {""extract"": {""batch_size"": 1000, ""max_retries"": 3, ""retry_delay"": 1.0, ""timeout"": 30.0, ""save_raw_responses"": true}, ""transform"": {""batch_size"": 100, ""validate_focus"": true, ""strict_validation"": false, ""save_validation_errors"": true}, ""load"": {""batch_size"": 500, ""write_disposition"": ""merge"", ""primary_key"": [""id""], ""merge_key"": [""x_provider_id"", ""charge_period_start"", ""charge_period_end"", ""sku_id""], ""column_hints"": {""tags"": {""data_type"": ""json""}, ""x_provider_data"": {""data_type"": ""json""}}}}, ""performance"": {""parallel_stages"": false, ""max_workers"": 4, ""memory_limit_mb"": 1024}, ""error_handling"": {""fail_fast"": false, ""max_errors_percentage"": 5.0, ""save_failed_records"": true}}",2025-07-13 00:00:00.000000,2025-07-21 00:00:00.000000,,,2025-07-20 09:38:10,
f38f159d-6675-4ae8-9cf3-d2aabe7d3c29,db572d7a-8f2e-4-8-,billing_pipeline,1.0.0,manual,completed,2025-07-20 09:38:12.640328,2025-07-20 09:38:16.527017,completed,,1275,1275,1275,0,3,,,,,"{""name"": ""billing_pipeline"", ""version"": ""1.0.0"", ""dlt"": {""pipeline_name"": ""billing_etl"", ""dataset_name"": ""main"", ""destination"": ""sqlite""}, ""stages"": {""extract"": {""batch_size"": 1000, ""max_retries"": 3, ""retry_delay"": 1.0, ""timeout"": 30.0, ""save_raw_responses"": true}, ""transform"": {""batch_size"": 100, ""validate_focus"": true, ""strict_validation"": false, ""save_validation_errors"": true}, ""load"": {""batch_size"": 500, ""write_disposition"": ""merge"", ""primary_key"": [""id""], ""merge_key"": [""x_provider_id"", ""charge_period_start"", ""charge_period_end"", ""sku_id""], ""column_hints"": {""tags"": {""data_type"": ""json""}, ""x_provider_data"": {""data_type"": ""json""}}}}, ""performance"": {""parallel_stages"": false, ""max_workers"": 4, ""memory_limit_mb"": 1024}, ""error_handling"": {""fail_fast"": false, ""max_errors_percentage"": 5.0, ""save_failed_records"": true}}",2025-07-13 00:00:00.000000,2025-07-21 00:00:00.000000,,,2025-07-20 09:38:12,
47d388e6-0202-48dc-9253-f20c974ddf77,3b8fb499-77a0-4-8-,billing_pipeline,1.0.0,manual,completed,2025-07-21 10:53:33.563008,2025-07-21 10:53:37.953627,completed,,96,96,96,0,4,,,,,"{""name"": ""billing_pipeline"", ""version"": ""1.0.0"", ""dlt"": {""pipeline_name"": ""billing_etl"", ""dataset_name"": ""main"", ""destination"": ""sqlite""}, ""stages"": {""extract"": {""batch_size"": 1000, ""max_retries"": 3, ""retry_delay"": 1.0, ""timeout"": 30.0, ""save_raw_responses"": true}, ""transform"": {""batch_size"": 100, ""validate_focus"": true, ""strict_validation"": false, ""save_validation_errors"": true}, ""load"": {""batch_size"": 500, ""write_disposition"": ""merge"", ""primary_key"": [""id""], ""merge_key"": [""x_provider_id"", ""charge_period_start"", ""charge_period_end"", ""sku_id""], ""column_hints"": {""tags"": {""data_type"": ""json""}, ""x_provider_data"": {""data_type"": ""json""}}}}, ""performance"": {""parallel_stages"": false, ""max_workers"": 4, ""memory_limit_mb"": 1024}, ""error_handling"": {""fail_fast"": false, ""max_errors_percentage"": 5.0, ""save_failed_records"": true}}",2025-07-13 00:00:00.000000,2025-07-21 00:00:00.000000,,,2025-07-21 10:53:33,
8d35e6f6-7d7c-4d66-9191-b8090711a6e0,f00cf139-eb10-4-8-,billing_pipeline,1.0.0,manual,completed,2025-07-21 10:53:37.958361,2025-07-21 10:53:39.350067,completed,,0,0,0,0,1,,,,,"{""name"": ""billing_pipeline"", ""version"": ""1.0.0"", ""dlt"": {""pipeline_name"": ""billing_etl"", ""dataset_name"": ""main"", ""destination"": ""sqlite""}, ""stages"": {""extract"": {""batch_size"": 1000, ""max_retries"": 3, ""retry_delay"": 1.0, ""timeout"": 30.0, ""save_raw_responses"": true}, ""transform"": {""batch_size"": 100, ""validate_focus"": true, ""strict_validation"": false, ""save_validation_errors"": true}, ""load"": {""batch_size"": 500, ""write_disposition"": ""merge"", ""primary_key"": [""id""], ""merge_key"": [""x_provider_id"", ""charge_period_start"", ""charge_period_end"", ""sku_id""], ""column_hints"": {""tags"": {""data_type"": ""json""}, ""x_provider_data"": {""data_type"": ""json""}}}}, ""performance"": {""parallel_stages"": false, ""max_workers"": 4, ""memory_limit_mb"": 1024}, ""error_handling"": {""fail_fast"": false, ""max_errors_percentage"": 5.0, ""save_failed_records"": true}}",2025-07-13 00:00:00.000000,2025-07-21 00:00:00.000000,,,2025-07-21 10:53:37,
c77cf9de-3593-400a-a81d-f7264644aee1,86d65695-8724-4-8-,billing_pipeline,1.0.0,manual,completed,2025-07-21 10:53:39.353059,2025-07-21 10:53:41.610165,completed,,138,138,138,0,2,,,,,"{""name"": ""billing_pipeline"", ""version"": ""1.0.0"", ""dlt"": {""pipeline_name"": ""billing_etl"", ""dataset_name"": ""main"", ""destination"": ""sqlite""}, ""stages"": {""extract"": {""batch_size"": 1000, ""max_retries"": 3, ""retry_delay"": 1.0, ""timeout"": 30.0, ""save_raw_responses"": true}, ""transform"": {""batch_size"": 100, ""validate_focus"": true, ""strict_validation"": false, ""save_validation_errors"": true}, ""load"": {""batch_size"": 500, ""write_disposition"": ""merge"", ""primary_key"": [""id""], ""merge_key"": [""x_provider_id"", ""charge_period_start"", ""charge_period_end"", ""sku_id""], ""column_hints"": {""tags"": {""data_type"": ""json""}, ""x_provider_data"": {""data_type"": ""json""}}}}, ""performance"": {""parallel_stages"": false, ""max_workers"": 4, ""memory_limit_mb"": 1024}, ""error_handling"": {""fail_fast"": false, ""max_errors_percentage"": 5.0, ""save_failed_records"": true}}",2025-07-13 00:00:00.000000,2025-07-21 00:00:00.000000,,,2025-07-21 10:53:39,
0e943595-6e82-4e9a-93b7-ff5871f1f493,db572d7a-8f2e-4-8-,billing_pipeline,1.0.0,manual,completed,2025-07-21 10:53:41.611448,2025-07-21 10:53:46.232483,completed,,1434,1434,1434,0,4,,,,,"{""name"": ""billing_pipeline"", ""version"": ""1.0.0"", ""dlt"": {""pipeline_name"": ""billing_etl"", ""dataset_name"": ""main"", ""destination"": ""sqlite""}, ""stages"": {""extract"": {""batch_size"": 1000, ""max_retries"": 3, ""retry_delay"": 1.0, ""timeout"": 30.0, ""save_raw_responses"": true}, ""transform"": {""batch_size"": 100, ""validate_focus"": true, ""strict_validation"": false, ""save_validation_errors"": true}, ""load"": {""batch_size"": 500, ""write_disposition"": ""merge"", ""primary_key"": [""id""], ""merge_key"": [""x_provider_id"", ""charge_period_start"", ""charge_period_end"", ""sku_id""], ""column_hints"": {""tags"": {""data_type"": ""json""}, ""x_provider_data"": {""data_type"": ""json""}}}}, ""performance"": {""parallel_stages"": false, ""max_workers"": 4, ""memory_limit_mb"": 1024}, ""error_handling"": {""fail_fast"": false, ""max_errors_percentage"": 5.0, ""save_failed_records"": true}}",2025-07-13 00:00:00.000000,2025-07-21 00:00:00.000000,,,2025-07-21 10:53:41,
